Metric,Prepay (k=1),Default (k=2),Combined,Model,Experiment,Fold
C(24),0.8730505440146542,0.1441038102212458,0.50857717711795,CSC,Exp 4.1,0
C(48),0.8487519606429598,0.1533835275331874,0.5010677440880735,CSC,Exp 4.1,0
C(72),0.8565644881434356,0.14244926040591674,0.49950687427467616,CSC,Exp 4.1,0
ØC,0.8594556642670165,0.14664553272011663,0.5030505984935666,CSC,Exp 4.1,0
C(24),0.7256596228339638,0.9861000155338082,0.855879819183886,FGR,Exp 4.1,0
C(48),0.7582167870359448,0.9905370517615416,0.8743769193987432,FGR,Exp 4.1,0
C(72),0.7956461368551967,0.9931790259963634,0.8944125814257801,FGR,Exp 4.1,0
ØC,0.7598408489083684,0.9899386977639044,0.8748897733361365,FGR,Exp 4.1,0
C(24),0.7492497236439224,0.9982163859485609,0.8737330547962416,RSF,Exp 4.1,0
C(48),0.7867339656907507,0.9991721556347407,0.8929530606627457,RSF,Exp 4.1,0
C(72),0.8122823531003424,0.9995036611135683,0.9058930071069553,RSF,Exp 4.1,0
ØC,0.7827553474783385,0.9989640675656233,0.8908597075219808,RSF,Exp 4.1,0
C(24),0.8696842377771157,0.19233640780602107,0.5310103227915683,CSC,Exp 4.1,1
C(48),0.8483226996083497,0.13525778190480037,0.49179024075657507,CSC,Exp 4.1,1
C(72),0.8532583389128979,0.1156120423581739,0.4844351906355359,CSC,Exp 4.1,1
ØC,0.8570884254327877,0.14773541068966511,0.5024119180612264,CSC,Exp 4.1,1
C(24),0.7219835828673936,0.9772056374266319,0.8495946101470128,FGR,Exp 4.1,1
C(48),0.7561625303129755,0.9875731761476039,0.8718678532302897,FGR,Exp 4.1,1
C(72),0.7843634921480309,0.9894104565246761,0.8868869743363534,FGR,Exp 4.1,1
ØC,0.7541698684428001,0.9847297566996374,0.8694498125712187,FGR,Exp 4.1,1
C(24),0.7486125722516258,0.9974960085457323,0.8730542903986791,RSF,Exp 4.1,1
C(48),0.7927475392582494,0.9986475029270458,0.8956975210926477,RSF,Exp 4.1,1
C(72),0.812784938219003,0.9992985336755796,0.9060417359472913,RSF,Exp 4.1,1
ØC,0.7847150165762927,0.9984806817161193,0.891597849146206,RSF,Exp 4.1,1
C(24),0.8739756957256111,0.18514096956635043,0.5295583326459807,CSC,Exp 4.1,2
C(48),0.8561497728523072,0.15222589051751642,0.5041878316849118,CSC,Exp 4.1,2
C(72),0.8606395460163281,0.13002948271240955,0.4953345143643688,CSC,Exp 4.1,2
ØC,0.8635883381980821,0.15579878093209212,0.5096935595650871,CSC,Exp 4.1,2
C(24),0.7230731456105951,0.9948619885759362,0.8589675670932657,FGR,Exp 4.1,2
C(48),0.7656887929820051,0.9962146060286701,0.8809516995053376,FGR,Exp 4.1,2
C(72),0.795668156238421,0.9961243634414366,0.8958962598399288,FGR,Exp 4.1,2
ØC,0.761476698277007,0.9957336526820143,0.8786051754795107,FGR,Exp 4.1,2
C(24),0.7462811020631934,0.9985455800424,0.8724133410527968,RSF,Exp 4.1,2
C(48),0.7957002324169451,0.9996236113948962,0.8976619219059206,RSF,Exp 4.1,2
C(72),0.8268011508744706,0.9996354864647548,0.9132183186696127,RSF,Exp 4.1,2
ØC,0.7895941617848697,0.9992682259673503,0.89443119387611,RSF,Exp 4.1,2
C(24),0.9233051095791595,0.8075860462019839,0.8654455778905716,CSC,Exp 4.2,0
C(48),0.9506279154779017,0.8487858827994882,0.899706899138695,CSC,Exp 4.2,0
C(72),0.9591505754940658,0.8802005012531329,0.9196755383735993,CSC,Exp 4.2,0
ØC,0.944361200183709,0.8455241434182016,0.8949426718009552,CSC,Exp 4.2,0
C(24),0.6805402457371335,0.7480000221911546,0.714270133964144,FGR,Exp 4.2,0
C(48),0.706929134316968,0.7879998560270669,0.7474644951720175,FGR,Exp 4.2,0
C(72),0.7170205819382942,0.8138680033416875,0.7654442926399909,FGR,Exp 4.2,0
ØC,0.7014966539974652,0.783289293853303,0.7423929739253841,FGR,Exp 4.2,0
C(24),0.9387547859635428,0.8772745933470919,0.9080146896553174,RSF,Exp 4.2,0
C(48),0.9720976294606903,0.9080209284290917,0.9400592789448909,RSF,Exp 4.2,0
C(72),0.9826476367946142,0.9343530394613986,0.9585003381280064,RSF,Exp 4.2,0
ØC,0.9645000174062824,0.9065495204125273,0.9355247689094048,RSF,Exp 4.2,0
C(24),0.9236403260776176,0.7431972984459172,0.8334188122617674,CSC,Exp 4.2,1
C(48),0.9541086701265846,0.8400500625782228,0.8970793663524037,CSC,Exp 4.2,1
C(72),0.9592243517560411,0.8652145447743357,0.9122194482651884,CSC,Exp 4.2,1
ØC,0.9456577826534144,0.816153968599492,0.8809058756264532,CSC,Exp 4.2,1
C(24),0.6782411585530917,0.7201100377895958,0.6991755981713438,FGR,Exp 4.2,1
C(48),0.7142251310484368,0.7977592958940611,0.7559922134712489,FGR,Exp 4.2,1
C(72),0.7277068179743137,0.8213703014746381,0.7745385597244758,FGR,Exp 4.2,1
ØC,0.7067243691919475,0.779746545052765,0.7432354571223563,FGR,Exp 4.2,1
C(24),0.9373435588194743,0.8800151617831176,0.9086793603012959,RSF,Exp 4.2,1
C(48),0.9772320797286659,0.9320016956679721,0.954616887698319,RSF,Exp 4.2,1
C(72),0.9840457422849839,0.9445867583942137,0.9643162503395988,RSF,Exp 4.2,1
ØC,0.9662071269443747,0.9188678719484344,0.9425374994464046,RSF,Exp 4.2,1
C(24),0.915890972503529,0.7763679647276748,0.8461294686156019,CSC,Exp 4.2,2
C(48),0.9513670734269767,0.8375506780371872,0.8944588757320819,CSC,Exp 4.2,2
C(72),0.9590967077728788,0.8669096756901635,0.9130031917315211,CSC,Exp 4.2,2
ØC,0.9421182512344615,0.8269427728183419,0.8845305120264018,CSC,Exp 4.2,2
C(24),0.6768336444027926,0.7734591248124749,0.7251463846076338,FGR,Exp 4.2,2
C(48),0.7095712920459104,0.7932121003559561,0.7513916962009333,FGR,Exp 4.2,2
C(72),0.7269638349882749,0.8020477083891718,0.7645057716887234,FGR,Exp 4.2,2
ØC,0.7044562571456593,0.7895729778525342,0.7470146174990968,FGR,Exp 4.2,2
C(24),0.9381867822981471,0.9305488058261316,0.9343677940621393,RSF,Exp 4.2,2
C(48),0.9760970702308019,0.924609362397703,0.9503532163142525,RSF,Exp 4.2,2
C(72),0.9832859604753699,0.9207638702760654,0.9520249153757177,RSF,Exp 4.2,2
ØC,0.9658566043347729,0.9253073461666333,0.9455819752507031,RSF,Exp 4.2,2
C(24),0.9531215611359497,0.4315125490979296,0.6923170551169396,CSC,Exp 4.3,0
C(48),0.9608621440440873,0.4711776004293011,0.7160198722366942,CSC,Exp 4.3,0
C(72),0.9683657822813763,0.5090716988549806,0.7387187405681784,CSC,Exp 4.3,0
ØC,0.9607831624871377,0.47058728279407047,0.7156852226406041,CSC,Exp 4.3,0
C(24),0.7555703752519626,0.9790792889954064,0.8673248321236845,FGR,Exp 4.3,0
C(48),0.794167587822969,0.985753223848462,0.8899604058357156,FGR,Exp 4.3,0
C(72),0.8385328845651479,0.9878814683768244,0.9132071764709861,FGR,Exp 4.3,0
ØC,0.7960902825466931,0.9842379937402309,0.890164138143462,FGR,Exp 4.3,0
C(24),0.8803188803105413,0.9983661762421498,0.9393425282763456,RSF,Exp 4.3,0
C(48),0.9552674120386755,0.999234325764938,0.9772508689018067,RSF,Exp 4.3,0
C(72),0.9793831446919274,0.9993562337215588,0.9893696892067432,RSF,Exp 4.3,0
ØC,0.9383231456803814,0.9989855785762155,0.9686543621282985,RSF,Exp 4.3,0
C(24),0.9527802808868664,0.5323566235168445,0.7425684522018554,CSC,Exp 4.3,1
C(48),0.9631065673013133,0.5736686987766967,0.7683876330390049,CSC,Exp 4.3,1
C(72),0.9682600127822752,0.5973635258295489,0.782811769305912,CSC,Exp 4.3,1
ØC,0.9613822869901516,0.5677962827076967,0.7645892848489242,CSC,Exp 4.3,1
C(24),0.7487273299829196,0.9629455209565707,0.8558364254697451,FGR,Exp 4.3,1
C(48),0.7904990850705034,0.981654487464169,0.8860767862673362,FGR,Exp 4.3,1
C(72),0.830299223172439,0.9853055795151049,0.907802401343772,FGR,Exp 4.3,1
ØC,0.7898418794086206,0.9766351959786149,0.8832385376936178,FGR,Exp 4.3,1
C(24),0.8817035288228274,0.9974270913497433,0.9395653100862853,RSF,Exp 4.3,1
C(48),0.960543568724537,0.9987282490209536,0.9796359088727453,RSF,Exp 4.3,1
C(72),0.9793774537403372,0.9993401020503601,0.9893587778953487,RSF,Exp 4.3,1
ØC,0.9405415170959005,0.9984984808070191,0.9695199989514598,RSF,Exp 4.3,1
C(24),0.9536444217956177,0.48199406962903485,0.7178192457123262,CSC,Exp 4.3,2
C(48),0.9626300731701142,0.5354504296207079,0.7490402513954111,CSC,Exp 4.3,2
C(72),0.9683942217547106,0.515046904315197,0.7417205630349537,CSC,Exp 4.3,2
ØC,0.9615562389068142,0.5108304678549799,0.7361933533808971,CSC,Exp 4.3,2
C(24),0.7479355555717433,0.9949183341433009,0.871426944857522,FGR,Exp 4.3,2
C(48),0.7938600695772127,0.9958346327701842,0.8948473511736985,FGR,Exp 4.3,2
C(72),0.8350577053632043,0.99595818815331,0.9155079467582572,FGR,Exp 4.3,2
ØC,0.7922844435040535,0.995570385022265,0.8939274142631592,FGR,Exp 4.3,2
C(24),0.8765526683931998,0.9990104309731583,0.9377815496831791,RSF,Exp 4.3,2
C(48),0.9574654845941273,0.9995411643671115,0.9785033244806194,RSF,Exp 4.3,2
C(72),0.9788710587895924,0.9996194049852587,0.9892452318874255,RSF,Exp 4.3,2
ØC,0.9376297372589733,0.9993903334418429,0.9685100353504081,RSF,Exp 4.3,2
